data,titolo,autore,autore_json,citazione,commento,youtube,spotify
2026-01-01,,,,, 1 gennaio — morte di Giorgio Gaber (2003),,
2026-01-25,,,,, 25 gennaio — nascita di Giorgio Gaber (1939),,
2026-01-26,La Morte,Fabrizio De André,fabrizio_deandre,,26 gennaio — anniversario della morte di Fabrizio De André (1999),https://www.youtube.com/watch?v=uxXijewgmAY,https://open.spotify.com/track/6erGCnblurVdvW1fRHSw9E
2026-01-27,Auschwitz (La canzone del bambino nel vento),Francesco Guccini,francesco_guccini,,27 gennaio — Giorno della Memoria,https://www.youtube.com/watch?v=krsp726YPAk,https://open.spotify.com/track/4d5T5maYQCq7OChCiNjcte
2026-01-27,Ciao amore ciao,Luigi Tenco,luigi_tenco,,Ciao amore ciao fu l'ultima canzone di Luigi Tenco presentata al 17° Festival di Sanremo nel Gennaio 1967,https://www.youtube.com/watch?v=TB-9jtUH4hE,https://open.spotify.com/track/388Rzi0ggGLhG20fZnssLS
2026-02-18,,,,, 18 febbraio — nascita di Fabrizio De André (1940),,
2026-03-01,,,,, 1 marzo — morte di Lucio Dalla (2012),,
2026-03-04,4 marzo 1943,Lucio Dalla,lucio_dalla,,4 marzo — nascita di Lucio Dalla (1943): la canzone prende il titolo dalla sua data di nascita,https://www.youtube.com/watch?v=IC73-TYnOck,https://open.spotify.com/track/0l5nPlf9UtAczeyviURsva
2026-03-05,,,,, 5 marzo — nascita di Lucio Battisti (1943),,
2026-03-17,Aida,Rino Gaetano,rino_gaetano,,17 marzo — anniversario dell'Unità d'Italia,https://www.youtube.com/watch?v=eQWh1eh0Bhs,https://open.spotify.com/track/7N1SQcqAkSvUgnlvrU0Et8
2026-03-20,Un chimico,Fabrizio De André,fabrizio_deandre,,20 marzo — inizio della primavera,https://www.youtube.com/watch?v=M6WdNC5kPTI,https://open.spotify.com/track/5PZaJIsWW4ZQtmpaX9c1yD
2026-03-21,,,,, 21 marzo — nascita di Luigi Tenco (1938),,
2026-03-23,,,,, 23 marzo — nascita di Franco Battiato (1945),,
2026-04-04,,,,, 4 aprile — nascita di Francesco De Gregori (1951),,
2026-04-25,Viva l'Italia,Francesco De Gregori,francesco_degregori,Viva l'Italia l'Italia liberata,25 aprile — Festa della Liberazione,https://www.youtube.com/watch?v=kMx2YGkKUqQ,https://open.spotify.com/track/6aQVKyPa0mUm6GLmey6x4P
2026-05-01,Fiore di maggio,Fabio Concato,fabio_concato,,1 maggio — Festa dei Lavoratori,https://www.youtube.com/watch?v=Z5GzSzkTAUI,https://open.spotify.com/track/2pWzPQ2lhuEE2sb3aPKMHX
2026-05-06,Khorakhanè (A forza di essere vento),Fabrizio De André,fabrizio_deandre,,6 maggio — E poi Mirka a San Giorgio di maggio,https://www.youtube.com/watch?v=7BwZdO-SILY,https://open.spotify.com/track/1vIIlm4WH8ymz70wyLZuR9
2026-05-18,,,,, 18 maggio — morte di Franco Battiato (2021),,
2026-05-31,,,,, 31 maggio — nascita di Fabio Concato (1953),,
2026-06-01,Giugno '73,Fabrizio De André,fabrizio_deandre,,1 giugno,https://www.youtube.com/watch?v=wDDcFTNktTk,https://open.spotify.com/track/0tlsSbAswQAUW02AWE26Fz
2026-06-02,,,,, 2 giugno — morte di Rino Gaetano (1981),,
2026-06-14,,,,, 14 giugno — nascita di Francesco Guccini (1940),,
2026-06-21,Canzone per l'estate,Fabrizio De André,fabrizio_deandre,,21 giugno — solstizio d'estate,https://www.youtube.com/watch?v=88ngD93edkw,https://open.spotify.com/track/0NwMnpzgCMQE0m1FEYpbct
2026-06-21,Summer on a Solitary Beach,Franco Battiato,franco_battiato,,21 giugno — solstizio d'estate,https://www.youtube.com/watch?v=rHOPw89hqRA,https://open.spotify.com/track/0QcwEDbtwX8ylH4vthoovI
2026-06-21,Un'estate al mare,Giuni Russo,giuni_russo,,21 giugno — solstizio d'estate,https://www.youtube.com/watch?v=d8Ddo92-lBg,https://open.spotify.com/track/56sOrPe3wOf16PUXKzyjFR
2026-06-25,,,,, 25 giugno — nascita di Roberto Vecchioni (1943),,
2026-08-02,Se ti tagliassero a pezzetti,Fabrizio De André,fabrizio_deandre,"T'ho incrociata alla stazione / che inseguivi il tuo profumo / presa in trappola da un tailleur grigio fumo / i giornali in una mano e nell'altra il tuo destino / camminavi fianco a fianco al tuo assassino.",Massimo Bubola e Fabrizio De André dedicano questi versi alle vittime della strage della stazione di Bologna del 2 agosto 1980.,https://www.youtube.com/watch?v=u6rSiIgdczo,https://open.spotify.com/track/0P2g3McXOxosDczfgRy4bU
2026-08-06,L'ultima volta,Francesco Guccini,francesco_guccini,,Il 6 agosto del 2026 muore Francesco Guccini. In suo onore iniziamo a lavorare al Calendario del Cantautorato che era nei nostri progetti da almeno dieci anni.,https://www.youtube.com/watch?v=Dl2ZKHpIxNw,https://open.spotify.com/track/05Y8ErDoSfgaUkI6HWnEM8
2026-08-07,7 Agosto di pomeriggio,Lucio Battisti,lucio_battisti,"7 agosto di pomeriggio, fra le lamiere roventi. Di un cimitero di automobili solo io, silenzioso. Eppure straordinariamente vivo.",,https://www.youtube.com/watch?v=Rq9NCr835Sg,https://open.spotify.com/track/2sa4s7hBB0oYJCRuAhbzd4
2026-08-08,Sere d'agosto,Giuni Russo,giuni_russo,,8 agosto,https://www.youtube.com/watch?v=v3JFn7EKBpk,https://open.spotify.com/track/1dz91RDJo7W3pa8EFeLu1E
2026-08-10,La sera dei miracoli,Lucio Dalla,lucio_dalla,E in mezzo a questo mare cercherò di scoprire quale stella sei,,https://www.youtube.com/watch?v=CJEk72PJ5fo,https://open.spotify.com/track/4tKiqgP4hiFNSCDeoaNctg
2026-09-07,,,,, 7 settembre — nascita di Giuni Russo (1951),,
2026-09-09,,,,, 9 settembre — morte di Lucio Battisti (1998),,
2026-09-14,,,,, 14 settembre — morte di Giuni Russo (2004),,
2026-09-23,Autunno,Francesco Guccini,francesco_guccini,,23 settembre — inizio dell'autunno,https://www.youtube.com/watch?v=JniLdpR3NQU,https://open.spotify.com/track/60S5HcEz0Ojy3ZikLdwlny
2026-09-23,Veni l'autunnu,Franco Battiato,franco_battiato,,23 settembre — inizio dell'autunno,https://www.youtube.com/watch?v=wxJVu8mTOsk,https://open.spotify.com/track/2K2jnseGgmqVjooppzi0v7
2026-10-07,,,,, 7 ottobre — morte di Pierangelo Bertoli (2002),,
2026-10-29,,,,, 29 ottobre — nascita di Rino Gaetano (1950),,
2026-11-02,Una storia sbagliata,Fabrizio De André,fabrizio_deandre,,2 novembre — anniversario della morte di Pier Paolo Pasolini,https://www.youtube.com/watch?v=hvUOSDbVUUE,https://open.spotify.com/track/6Y1eGg0Mtn5celKbZCHtkS
2026-11-02,A Pa',Francesco De Gregori,francesco_degregori,,2 novembre — anniversario della morte di Pier Paolo Pasolini,https://www.youtube.com/watch?v=RpzPoExVzio,https://open.spotify.com/track/6QHZ3XTkDAstpP6AV6kPZm
2026-11-05,,,,, 5 novembre — nascita di Pierangelo Bertoli (1942),,
2026-12-03,Il 3 Dicembre del '39,Francesco Guccini,francesco_guccini,,,https://www.youtube.com/watch?v=sm5PUO_IkPQ,https://open.spotify.com/track/4KgbuRi4X56evvqanSOnwF
2026-12-12,Viva l'Italia,Francesco De Gregori,francesco_degregori,"Viva l'Italia, l'Italia del 12 dicembre, l'Italia con le bandiere, l'Italia nuda come sempre","Il 12 dicembre 1969, alle ore 16:30, una bomba esplode nella sede della Banca Nazionale dell'Agricoltura in piazza Fontana a Milano: 17 morti e 88 feriti. È l'atto che inaugura la cosiddetta strategia della tensione e apre il lungo capitolo degli anni di piombo.",https://www.youtube.com/watch?v=kMx2YGkKUqQ,https://open.spotify.com/track/6aQVKyPa0mUm6GLmey6x4P
2026-12-13,Santa Lucia,Francesco De Gregori,francesco_degregori,,13 dicembre — Santa Lucia,https://www.youtube.com/watch?v=3cDcNlmiTdw,https://open.spotify.com/track/56A7YbF5HU4f2WPHSKfmcc
2026-12-21,Inverno,Fabrizio De André,fabrizio_deandre,,21 dicembre — solstizio d'inverno,https://www.youtube.com/watch?v=EOfAsv_zwl4,https://open.spotify.com/track/7bnnu8bfcHxRh1WC0FMXjX
2026-12-21,Inverno,Franco Battiato,franco_battiato,,21 dicembre — solstizio d'inverno,https://www.youtube.com/watch?v=ll7e9aGibLM,https://open.spotify.com/track/1uVoheW0RTfZBsopq5xzBq
2026-12-23,Natale,Francesco De Gregori,francesco_degregori,,23 dicembre,https://www.youtube.com/watch?v=OqwcV82VqUY,https://open.spotify.com/track/4xM4ctOb3WswWUQzutFh1P
2026-12-25,Incontro,Francesco Guccini,francesco_guccini,Come in un libro scritto male lui s'era ucciso per Natale,25 dicembre — Natale,https://www.youtube.com/watch?v=MLXvSdTV0R0,https://open.spotify.com/track/76CWFuapQCGVNJPRj0v6ov
2026-12-25,Eskimo,Francesco Guccini,francesco_guccini,,25 dicembre — Natale,https://www.youtube.com/watch?v=TMV_g3SKteg,https://open.spotify.com/track/2fA04j5MGP7oxFdLuMuQJd
prima-domenica-settembre,Eskimo,Francesco Guccini,francesco_guccini,,Prima domenica di settembre,https://www.youtube.com/watch?v=TMV_g3SKteg,https://open.spotify.com/track/2fA04j5MGP7oxFdLuMuQJd
